{
  "project_info": {
    "project_number": "418314947675",
    "firebase_url": "https://electiveselectionapp.firebaseio.com",
    "project_id": "electiveselectionapp",
    "storage_bucket": "electiveselectionapp.appspot.com"
  },
  "client": [
    {
      "client_info": {
        "mobilesdk_app_id": "1:418314947675:android:f5ccf67355a10ac8",
        "android_client_info": {
          "package_name": "com.example.ahmed.electivesubjectselection"
        }
      },
      "oauth_client": [
        {
          "client_id": "418314947675-kijliutqi9h5gtibuoncubtln1mas1oc.apps.googleusercontent.com",
          "client_type": 3
        }
      ],
      "api_key": [
        {
          "current_key": "AIzaSyAlymLiFJTdfRARV7XuMb6EYl3pWHBDpmw"
        }
      ],
      "services": {
        "analytics_service": {
          "status": 1
        },
        "appinvite_service": {
          "status": 1,
          "other_platform_oauth_client": []
        },
        "ads_service": {
          "status": 2
        }
      }
    }
  ],
  "configuration_version": "1"
}